device,sampler,budget,seed,base_model,calibration,fine_segments_sampled,fine_segments_total,fine_route,coarse_route,global_route,n_eval,mape,median_ape,p90_ape,p95_ape,wape,within_10,within_20,underprediction_rate,dangerous_under_50,log_rmse
NVIDIA A100 80GB PCIe,random,8,0,direct_clamped,global,5,10,0.0,0.0,100.0,1032.0,8.318812583399223,4.947217553561562,16.72809338721973,23.775879186470952,18.755004339486078,75.87209302325581,93.21705426356588,67.82945736434108,0.0,0.1262126853808144
NVIDIA A100 80GB PCIe,random,8,0,direct_clamped,segmented,5,10,0.0,55.32945736434108,44.67054263565892,1032.0,8.318168922308223,4.947217553561562,16.72809338721973,23.754943800262456,18.753632804120805,75.96899224806202,93.21705426356588,68.02325581395348,0.0,0.1261979298299161
NVIDIA A100 80GB PCIe,random,8,0,gray_residual,global,5,10,0.0,0.0,100.0,1032.0,4.59624113942386,3.0090688411799693,11.305252507552593,13.458032336880024,6.608445524972692,86.24031007751938,99.70930232558139,43.02325581395349,0.0,0.06364495192133614
NVIDIA A100 80GB PCIe,random,8,0,gray_residual,segmented,5,10,0.0,55.32945736434108,44.67054263565892,1032.0,4.559767385502912,2.9647273296136407,11.305252507552593,13.42133715936607,6.593705671160596,86.53100775193798,99.70930232558139,43.507751937984494,0.0,0.06330658289793431
NVIDIA A100 80GB PCIe,random,8,1,direct_clamped,global,4,10,0.0,0.0,100.0,1032.0,8.313480389387434,5.215194562582372,16.61904881469662,22.879456261768993,18.55464740980256,75.96899224806202,93.6046511627907,69.57364341085271,0.0,0.12510109587464774
NVIDIA A100 80GB PCIe,random,8,1,direct_clamped,segmented,4,10,51.84108527131783,9.39922480620155,38.759689922480625,1032.0,8.311794398427443,5.321907301912996,16.573765384327064,22.954597009555112,18.32743171959128,75.87209302325581,93.8953488372093,70.93023255813954,0.0,0.12405727986369004
NVIDIA A100 80GB PCIe,random,8,1,gray_residual,global,4,10,0.0,0.0,100.0,1032.0,4.5278925592962915,2.784935130242421,11.487279540265494,14.096108590396137,5.8110050034716565,86.04651162790698,99.8062015503876,60.65891472868217,0.0,0.06579788419242799
NVIDIA A100 80GB PCIe,random,8,1,gray_residual,segmented,4,10,51.84108527131783,9.39922480620155,38.759689922480625,1032.0,4.472404255357431,2.7508717787721206,11.232905880963965,14.000222666380807,5.5914860528986035,86.24031007751938,99.8062015503876,63.95348837209303,0.0,0.0651316759167434
NVIDIA A100 80GB PCIe,random,32,0,direct_clamped,global,8,10,0.0,0.0,100.0,1008.0,8.422794950522025,4.7877251420734055,15.064416758670493,27.688666975575934,20.93312514289951,80.05952380952381,92.65873015873017,39.78174603174603,0.0,0.1297209748740947
NVIDIA A100 80GB PCIe,random,32,0,direct_clamped,segmented,8,10,82.44047619047619,16.26984126984127,1.2896825396825395,1008.0,7.900161296462625,4.289536991956172,13.91341868594946,27.06920790313913,20.527168852345262,81.34920634920636,92.95634920634922,38.88888888888889,0.0,0.1253234855068135
NVIDIA A100 80GB PCIe,random,32,0,gray_residual,global,8,10,0.0,0.0,100.0,1008.0,4.625446846403235,3.0383481470726728,11.325459362042647,13.372904197223297,6.812263930622208,86.70634920634922,99.70238095238095,41.269841269841265,0.0,0.06347733838577511
NVIDIA A100 80GB PCIe,random,32,0,gray_residual,segmented,8,10,82.44047619047619,16.26984126984127,1.2896825396825395,1008.0,3.880628881901215,2.5928740074171506,9.438871478932255,11.804337452490081,6.292589207874663,90.97222222222221,99.8015873015873,40.476190476190474,0.0,0.05406109438356426
NVIDIA A100 80GB PCIe,random,32,1,direct_clamped,global,7,10,0.0,0.0,100.0,1008.0,8.129395027371988,4.462371325282119,15.408102586638782,26.59062668223379,20.09466972563333,79.46428571428571,92.95634920634922,48.41269841269841,0.0,0.12710827195879187
NVIDIA A100 80GB PCIe,random,32,1,direct_clamped,segmented,7,10,76.88492063492063,21.924603174603174,1.1904761904761905,1008.0,7.8896434880128234,4.3801084482353385,14.513067510287039,26.559829444309948,20.074030663371982,80.65476190476191,93.15476190476191,44.84126984126984,0.0,0.12481642391630013
NVIDIA A100 80GB PCIe,random,32,1,gray_residual,global,7,10,0.0,0.0,100.0,1008.0,4.544514777685576,2.9483772258671053,11.155549113055597,13.437441355086223,6.338465187862654,86.70634920634922,99.70238095238095,46.42857142857143,0.0,0.0639169888708088
NVIDIA A100 80GB PCIe,random,32,1,gray_residual,segmented,7,10,76.88492063492063,21.924603174603174,1.1904761904761905,1008.0,3.721730820179138,2.716104734499954,8.924036093024249,11.010753498714092,5.818522498356541,93.45238095238095,99.90079365079364,45.73412698412698,0.0,0.051348829965348175
NVIDIA A100 80GB PCIe,coverage,8,0,direct_clamped,global,8,10,0.0,0.0,100.0,1032.0,8.012581274586246,4.544767775723104,15.211560298717702,25.882889226268404,19.556986277591722,79.55426356589147,93.21705426356588,51.64728682170543,0.0,0.1251828693039811
NVIDIA A100 80GB PCIe,coverage,8,0,direct_clamped,segmented,8,10,0.0,0.0,100.0,1032.0,8.012581274586246,4.544767775723104,15.211560298717702,25.882889226268404,19.556986277591722,79.55426356589147,93.21705426356588,51.64728682170543,0.0,0.1251828693039811
NVIDIA A100 80GB PCIe,coverage,8,0,gray_residual,global,8,10,0.0,0.0,100.0,1032.0,4.591833430859147,3.0278448929254447,11.264056380254239,13.376295443340648,6.660360387878504,86.7248062015504,99.70930232558139,41.56976744186046,0.0,0.06308449556868236
NVIDIA A100 80GB PCIe,coverage,8,0,gray_residual,segmented,8,10,0.0,0.0,100.0,1032.0,4.591833430859147,3.0278448929254447,11.264056380254239,13.376295443340648,6.660360387878504,86.7248062015504,99.70930232558139,41.56976744186046,0.0,0.06308449556868236
NVIDIA A100 80GB PCIe,coverage,8,1,direct_clamped,global,8,10,0.0,0.0,100.0,1032.0,8.67850859140161,5.22706675021453,15.10281991308362,28.141340946106606,21.340332437625975,79.65116279069767,92.34496124031007,34.39922480620155,0.0,0.13128723621714528
NVIDIA A100 80GB PCIe,coverage,8,1,direct_clamped,segmented,8,10,0.0,0.0,100.0,1032.0,8.67850859140161,5.22706675021453,15.10281991308362,28.141340946106606,21.340332437625975,79.65116279069767,92.34496124031007,34.39922480620155,0.0,0.13128723621714528
NVIDIA A100 80GB PCIe,coverage,8,1,gray_residual,global,8,10,0.0,0.0,100.0,1032.0,4.580896389909624,3.026426393299804,11.316288744414885,13.450001540679025,6.616446390519387,86.43410852713178,99.70930232558139,42.054263565891475,0.0,0.06340067623488148
NVIDIA A100 80GB PCIe,coverage,8,1,gray_residual,segmented,8,10,0.0,0.0,100.0,1032.0,4.580896389909624,3.026426393299804,11.316288744414885,13.450001540679025,6.616446390519387,86.43410852713178,99.70930232558139,42.054263565891475,0.0,0.06340067623488148
NVIDIA A100 80GB PCIe,coverage,32,0,direct_clamped,global,10,10,0.0,0.0,100.0,1008.0,8.001012513059282,4.509559740657089,15.350975888450387,25.713157275693376,19.583177149174293,79.06746031746032,93.45238095238095,53.67063492063492,0.0,0.12541057146344844
NVIDIA A100 80GB PCIe,coverage,32,0,direct_clamped,segmented,10,10,100.0,0.0,0.0,1008.0,7.618490121871341,4.126289485897695,14.867795505154152,24.47285026891583,18.83378253180838,80.35714285714286,93.5515873015873,51.686507936507944,0.0,0.11963231425513789
NVIDIA A100 80GB PCIe,coverage,32,0,gray_residual,global,10,10,0.0,0.0,100.0,1008.0,4.5786141734534915,3.0317215400138418,11.101784954428686,13.281000880035398,6.523747461984413,87.00396825396825,99.70238095238095,40.97222222222222,0.0,0.06265050207556615
NVIDIA A100 80GB PCIe,coverage,32,0,gray_residual,segmented,10,10,100.0,0.0,0.0,1008.0,3.9063779788004536,2.586816173560162,9.435452305777014,12.087494290959693,5.596362526368568,91.46825396825396,99.90079365079364,47.32142857142857,0.0,0.05549288885641382
NVIDIA A100 80GB PCIe,coverage,32,1,direct_clamped,global,10,10,0.0,0.0,100.0,1008.0,8.588780719259844,5.158776350231563,14.854639256008772,28.164517113566653,21.01628898909887,80.05952380952381,92.46031746031747,35.61507936507937,0.0,0.13059276096756525
NVIDIA A100 80GB PCIe,coverage,32,1,direct_clamped,segmented,10,10,100.0,0.0,0.0,1008.0,7.854847007264817,4.681749523691531,14.474085045466525,27.018834718413444,19.222402342039594,80.95238095238095,93.35317460317461,42.9563492063492,0.0,0.12107232871949027
NVIDIA A100 80GB PCIe,coverage,32,1,gray_residual,global,10,10,0.0,0.0,100.0,1008.0,5.08146772438866,3.807943843040564,11.257236291006045,13.462825357970637,7.885006848287166,86.40873015873017,99.30555555555556,32.93650793650794,0.0,0.06437481653031472
NVIDIA A100 80GB PCIe,coverage,32,1,gray_residual,segmented,10,10,100.0,0.0,0.0,1008.0,4.171354649494381,3.022609250377143,9.704373498832876,11.501206336556049,6.4790845016883925,91.26984126984127,99.8015873015873,38.59126984126984,0.0,0.05556122261014157
NVIDIA H100 80GB HBM3,random,8,0,direct_clamped,global,4,7,0.0,0.0,100.0,1032.0,13.169770317543096,9.981684355261635,25.97153965217275,30.662400459880562,34.059609987776376,50.1937984496124,81.1046511627907,34.980620155038764,0.0,0.16479165917401034
NVIDIA H100 80GB HBM3,random,8,0,direct_clamped,segmented,4,7,36.04651162790697,2.2286821705426356,61.724806201550386,1032.0,13.22486761872889,10.087339092334284,26.083575516955147,30.987767822199782,34.267556260331325,49.7093023255814,80.71705426356588,32.848837209302324,0.0,0.1642849418432843
NVIDIA H100 80GB HBM3,random,8,0,gray_residual,global,4,7,0.0,0.0,100.0,1032.0,11.52346473650794,9.278337966771108,23.31719386592754,27.922935884944316,18.87229850304705,55.91085271317829,84.88372093023256,38.372093023255815,0.09689922480620156,0.14933068108690944
NVIDIA H100 80GB HBM3,random,8,0,gray_residual,segmented,4,7,36.04651162790697,2.2286821705426356,61.724806201550386,1032.0,11.538583804321815,9.694276947199945,22.741030433285193,27.35077262899578,19.141508467174454,52.13178294573644,85.65891472868216,35.46511627906977,0.09689922480620156,0.14705659777739236
NVIDIA H100 80GB HBM3,random,8,1,direct_clamped,global,4,7,0.0,0.0,100.0,1032.0,11.711925849006303,8.372496079505238,24.33392861556006,29.80574409536835,28.495574652257748,56.58914728682171,82.36434108527132,50.58139534883721,0.0,0.16008144816423087
NVIDIA H100 80GB HBM3,random,8,1,direct_clamped,segmented,4,7,25.581395348837212,38.468992248062015,35.94961240310077,1032.0,11.229085880248038,8.122634290111094,23.181788580111345,29.612633725867767,27.81824747877677,59.01162790697675,84.49612403100775,50.48449612403101,0.0,0.1528107785500039
NVIDIA H100 80GB HBM3,random,8,1,gray_residual,global,4,7,0.0,0.0,100.0,1032.0,10.338683277351667,6.598164078518495,24.095783986745598,29.170258572664874,13.83712443256927,60.56201550387597,82.55813953488372,49.51550387596899,0.09689922480620156,0.15710388894159835
NVIDIA H100 80GB HBM3,random,8,1,gray_residual,segmented,4,7,25.581395348837212,38.468992248062015,35.94961240310077,1032.0,9.95358705671405,7.03393856613837,23.051277056685947,28.331014953083084,13.71254329056209,62.2093023255814,86.04651162790698,48.44961240310077,0.09689922480620156,0.1487075859049534
NVIDIA H100 80GB HBM3,random,32,0,direct_clamped,global,6,7,0.0,0.0,100.0,1008.0,12.404253217857635,9.08714973977408,25.491400968777473,30.11210533526086,31.30259244758498,53.67063492063492,82.34126984126983,39.78174603174603,0.0,0.16015469159919896
NVIDIA H100 80GB HBM3,random,32,0,direct_clamped,segmented,6,7,88.88888888888889,3.670634920634921,7.440476190476191,1008.0,11.314736981266417,7.983803446439152,23.59953294803585,28.27455968730257,28.16607036723888,57.14285714285714,83.63095238095238,42.857142857142854,0.0,0.14884865484013987
NVIDIA H100 80GB HBM3,random,32,0,gray_residual,global,6,7,0.0,0.0,100.0,1008.0,10.601745535320882,7.279899490434525,23.40041769474494,28.229241652149447,15.522081628497492,60.416666666666664,84.02777777777779,43.948412698412696,0.0,0.1511464354170105
NVIDIA H100 80GB HBM3,random,32,0,gray_residual,segmented,6,7,88.88888888888889,3.670634920634921,7.440476190476191,1008.0,9.559328852208061,7.662432801535486,21.009322046330652,25.68155068587618,13.471168435731762,58.333333333333336,88.69047619047619,44.24603174603175,0.0,0.13600341559195123
NVIDIA H100 80GB HBM3,random,32,1,direct_clamped,global,5,7,0.0,0.0,100.0,1008.0,12.099255664347037,8.593357726558459,24.89698377026131,29.838184048454334,30.757783297500946,55.654761904761905,82.34126984126983,43.65079365079365,0.0,0.16040087561438438
NVIDIA H100 80GB HBM3,random,32,1,direct_clamped,segmented,5,7,96.23015873015873,3.7698412698412698,0.0,1008.0,11.34868222642417,8.098274111285875,23.91736223789312,29.057620374317917,27.867096225904397,57.936507936507944,83.92857142857143,47.22222222222222,0.0,0.14994797887959543
NVIDIA H100 80GB HBM3,random,32,1,gray_residual,global,5,7,0.0,0.0,100.0,1008.0,10.389086560904662,6.85497200979683,23.683120013825846,28.985066629205225,14.559623061457422,61.011904761904766,83.33333333333334,46.92460317460318,0.0992063492063492,0.15465590036621368
NVIDIA H100 80GB HBM3,random,32,1,gray_residual,segmented,5,7,96.23015873015873,3.7698412698412698,0.0,1008.0,9.436857764493544,8.303784850766304,20.19056467303288,23.39787742501497,13.031537344140705,57.341269841269835,89.48412698412699,43.154761904761905,0.0992063492063492,0.12796526107731956
NVIDIA H100 80GB HBM3,coverage,8,0,direct_clamped,global,7,7,0.0,0.0,100.0,1032.0,12.260779318887387,8.868248576110972,25.28019227249193,29.83054527839319,30.385076132871795,54.45736434108527,82.26744186046511,40.60077519379845,0.0,0.15912933125129194
NVIDIA H100 80GB HBM3,coverage,8,0,direct_clamped,segmented,7,7,0.0,0.0,100.0,1032.0,12.260779318887387,8.868248576110972,25.28019227249193,29.83054527839319,30.385076132871795,54.45736434108527,82.26744186046511,40.60077519379845,0.0,0.15912933125129194
NVIDIA H100 80GB HBM3,coverage,8,0,gray_residual,global,7,7,0.0,0.0,100.0,1032.0,10.386593227212902,6.685154987196151,23.64938499966025,29.05555067736034,14.339928651746895,61.143410852713174,83.43023255813954,46.80232558139535,0.09689922480620156,0.15450626432021797
NVIDIA H100 80GB HBM3,coverage,8,0,gray_residual,segmented,7,7,0.0,0.0,100.0,1032.0,10.386593227212902,6.685154987196151,23.64938499966025,29.05555067736034,14.339928651746895,61.143410852713174,83.43023255813954,46.80232558139535,0.09689922480620156,0.15450626432021797
NVIDIA H100 80GB HBM3,coverage,8,1,direct_clamped,global,7,7,0.0,0.0,100.0,1032.0,12.937110490978029,9.727898863637888,25.85968855142857,30.577173996516304,33.355010284120716,51.065891472868216,81.3953488372093,36.04651162790697,0.0,0.16337976303857554
NVIDIA H100 80GB HBM3,coverage,8,1,direct_clamped,segmented,7,7,0.0,15.988372093023257,84.01162790697676,1032.0,12.965556157853168,9.728604335159856,25.826857835666313,30.690436130103407,33.36750845106339,50.775193798449614,81.4922480620155,35.65891472868217,0.0,0.1634344376283978
NVIDIA H100 80GB HBM3,coverage,8,1,gray_residual,global,7,7,0.0,0.0,100.0,1032.0,16.4028434827879,16.966540662175632,27.491099411557904,34.42155367077426,30.194591431113004,26.937984496124027,70.63953488372093,25.0,0.0,0.17574752567323845
NVIDIA H100 80GB HBM3,coverage,8,1,gray_residual,segmented,7,7,0.0,15.988372093023257,84.01162790697676,1032.0,16.351234875322874,16.70238618692796,27.491099411557904,34.42155367077426,30.173191050471132,26.744186046511626,71.31782945736434,25.1937984496124,0.0,0.17564135786185417
NVIDIA H100 80GB HBM3,coverage,32,0,direct_clamped,global,7,7,0.0,0.0,100.0,1008.0,15.067486779112645,12.218753389111974,28.465625490038736,35.36687840309444,36.9802766606275,39.38492063492063,76.48809523809523,25.892857142857146,0.0,0.1759878447703313
NVIDIA H100 80GB HBM3,coverage,32,0,direct_clamped,segmented,7,7,100.0,0.0,0.0,1008.0,12.080191615603193,8.687120138785957,24.876768844773316,32.54875498287026,28.75675044066493,54.96031746031746,81.54761904761905,31.944444444444443,0.0,0.15197871598948315
NVIDIA H100 80GB HBM3,coverage,32,0,gray_residual,global,7,7,0.0,0.0,100.0,1008.0,16.758751461634446,17.264731374888882,28.315639776422845,34.997796037116544,30.433063449617308,26.28968253968254,66.36904761904762,23.61111111111111,0.0,0.17861736293268463
NVIDIA H100 80GB HBM3,coverage,32,0,gray_residual,segmented,7,7,100.0,0.0,0.0,1008.0,11.585187294072151,9.95179419245823,22.713726856106277,27.485961675234456,18.820715003218915,50.198412698412696,85.61507936507937,24.801587301587304,0.0,0.13400612075479124
NVIDIA H100 80GB HBM3,coverage,32,1,direct_clamped,global,7,7,0.0,0.0,100.0,1008.0,15.951613317125027,12.786106350762005,30.019462115611848,37.54024523933377,40.7339770841124,37.40079365079365,74.8015873015873,23.61111111111111,0.0,0.18417052886064258
NVIDIA H100 80GB HBM3,coverage,32,1,direct_clamped,segmented,7,7,100.0,0.0,0.0,1008.0,12.665345827920136,8.923362815186294,25.847327237118453,33.32379376620533,32.166478937603436,54.563492063492056,81.15079365079364,29.06746031746032,0.0,0.15853025471415805
NVIDIA H100 80GB HBM3,coverage,32,1,gray_residual,global,7,7,0.0,0.0,100.0,1008.0,15.79334093583232,15.93322151835195,26.89980966395566,33.652413044224915,29.104933937057258,26.984126984126984,76.19047619047619,25.496031746031743,0.0,0.1706698476633466
NVIDIA H100 80GB HBM3,coverage,32,1,gray_residual,segmented,7,7,100.0,0.0,0.0,1008.0,11.528966946860244,9.383802389092672,21.655832012174212,26.50128611938935,19.159940727049396,53.67063492063492,85.01984126984127,25.496031746031743,0.0,0.13469999834030869
NVIDIA L4,random,8,0,direct_clamped,global,4,11,0.0,0.0,100.0,1032.0,34.061615032570536,29.905992327477236,57.65878211673874,83.18104050744417,52.87431265654453,7.945736434108527,22.674418604651162,68.21705426356588,0.6782945736434108,0.3870322872871926
NVIDIA L4,random,8,0,direct_clamped,segmented,4,11,43.12015503875969,0.4844961240310077,56.395348837209305,1032.0,29.64923167094912,24.658359136184117,58.50084248875715,77.47359567676342,50.12555193155646,13.662790697674417,36.82170542635659,65.89147286821705,0.4844961240310077,0.34010238407087307
NVIDIA L4,random,8,0,gray_residual,global,4,11,0.0,0.0,100.0,1032.0,20.526319639576478,20.709897454796824,35.69362182537676,40.33309059181032,21.864587236123818,21.899224806201552,48.06201550387597,69.67054263565892,0.6782945736434108,0.27053396215246894
NVIDIA L4,random,8,0,gray_residual,segmented,4,11,43.12015503875969,0.4844961240310077,56.395348837209305,1032.0,18.443627441689223,17.821455779657988,32.51082823924358,39.38129534804701,20.83228496088068,26.06589147286822,57.55813953488372,61.627906976744185,0.6782945736434108,0.2447254062309128
NVIDIA L4,random,8,1,direct_clamped,global,4,11,0.0,0.0,100.0,1032.0,40.14652653368313,16.65728163558672,112.98178118946262,148.6833981977009,99.33793450330006,33.52713178294574,55.42635658914728,40.019379844961236,0.0,0.4184418749340778
NVIDIA L4,random,8,1,direct_clamped,segmented,4,11,66.27906976744185,13.372093023255813,20.348837209302324,1032.0,35.964183667316675,18.089609180149672,106.85596776972527,131.6254615142675,82.8067311817145,30.426356589147286,53.779069767441854,44.37984496124031,0.0,0.38465897550237577
NVIDIA L4,random,8,1,gray_residual,global,4,11,0.0,0.0,100.0,1032.0,20.515398833670115,15.863715833917599,45.15203285218557,53.187837348526195,29.97469225746633,30.523255813953487,59.883720930232556,49.7093023255814,0.09689922480620156,0.23852646091823745
NVIDIA L4,random,8,1,gray_residual,segmented,4,11,66.27906976744185,13.372093023255813,20.348837209302324,1032.0,20.88680719295079,16.50402419282507,46.64310320743972,56.278405752932215,29.485261498471,28.68217054263566,59.59302325581395,49.41860465116279,0.09689922480620156,0.24159640483939898
NVIDIA L4,random,32,0,direct_clamped,global,6,11,0.0,0.0,100.0,1008.0,37.12467480640852,18.018331668268843,100.460036820443,132.98531721612014,87.73906393180746,28.968253968253972,52.480158730158735,50.09920634920635,0.0,0.39319030214635103
NVIDIA L4,random,32,0,direct_clamped,segmented,6,11,65.97222222222221,13.392857142857142,20.634920634920633,1008.0,38.56582325995982,17.40112051144753,112.41292698255737,139.39798040261823,90.43553079180072,33.33333333333333,54.761904761904766,38.095238095238095,0.0,0.4063362330128431
NVIDIA L4,random,32,0,gray_residual,global,6,11,0.0,0.0,100.0,1008.0,22.28658828714322,16.044575849643664,52.97951385332026,61.70071324956267,33.57052134951083,34.92063492063492,57.638888888888886,40.67460317460318,0.0992063492063492,0.25253690572491905
NVIDIA L4,random,32,0,gray_residual,segmented,6,11,65.97222222222221,13.392857142857142,20.634920634920633,1008.0,22.334043313217933,16.540417400909668,53.1627932469137,61.8788369601481,31.907180604110465,34.32539682539682,57.24206349206349,39.58333333333333,0.0992063492063492,0.251683432541568
NVIDIA L4,random,32,1,direct_clamped,global,5,11,0.0,0.0,100.0,1008.0,38.432030420457096,17.382759006936322,105.97940936286483,140.1765493809277,92.82660410000236,32.53968253968254,54.563492063492056,45.63492063492063,0.0,0.4045567002711582
NVIDIA L4,random,32,1,direct_clamped,segmented,5,11,80.05952380952381,19.047619047619047,0.8928571428571428,1008.0,33.623374662139575,19.049699980510397,98.49151277505267,124.7026985669221,67.03630648243498,31.448412698412696,52.182539682539684,38.88888888888889,0.0,0.37102025907562375
NVIDIA L4,random,32,1,gray_residual,global,5,11,0.0,0.0,100.0,1008.0,21.95904810035049,15.852999086647923,51.62940583321364,60.1759958116401,33.02268073812693,34.12698412698413,58.03571428571429,42.55952380952381,0.0992063492063492,0.24996626848557654
NVIDIA L4,random,32,1,gray_residual,segmented,5,11,80.05952380952381,19.047619047619047,0.8928571428571428,1008.0,21.70141547870577,15.95848803505491,51.151310343004276,59.282136462295085,31.99139161134647,35.11904761904761,58.23412698412699,41.269841269841265,0.0992063492063492,0.24667229732496027
NVIDIA L4,coverage,8,0,direct_clamped,global,8,11,0.0,0.0,100.0,1032.0,35.52383022279954,20.776853146452908,89.87685877897192,121.94053276217686,79.53202240853807,22.674418604651162,48.35271317829458,56.58914728682171,0.09689922480620156,0.37900033367348224
NVIDIA L4,coverage,8,0,direct_clamped,segmented,8,11,0.0,0.0,100.0,1032.0,35.52383022279954,20.776853146452908,89.87685877897192,121.94053276217686,79.53202240853807,22.674418604651162,48.35271317829458,56.58914728682171,0.09689922480620156,0.37900033367348224
NVIDIA L4,coverage,8,0,gray_residual,global,8,11,0.0,0.0,100.0,1032.0,19.724348599777706,17.9269216663392,39.166552386560774,44.066342244845465,26.0952644683523,25.387596899224807,57.36434108527132,58.43023255813954,0.1937984496124031,0.2382738524448061
NVIDIA L4,coverage,8,0,gray_residual,segmented,8,11,0.0,0.0,100.0,1032.0,19.724348599777706,17.9269216663392,39.166552386560774,44.066342244845465,26.0952644683523,25.387596899224807,57.36434108527132,58.43023255813954,0.1937984496124031,0.2382738524448061
NVIDIA L4,coverage,8,1,direct_clamped,global,8,11,0.0,0.0,100.0,1032.0,37.33362654403343,17.544873589972575,101.76986191508487,135.8418552779645,89.81564776876829,31.007751937984494,54.06976744186046,48.35271317829458,0.0,0.3956284194720914
NVIDIA L4,coverage,8,1,direct_clamped,segmented,8,11,0.0,43.895348837209305,56.104651162790695,1032.0,37.85803819647912,16.48283915291046,108.94475652467034,141.17296731623176,92.02610616536634,33.91472868217054,55.81395348837209,43.604651162790695,0.0,0.40159812275062556
NVIDIA L4,coverage,8,1,gray_residual,global,8,11,0.0,0.0,100.0,1032.0,23.792385091348844,16.841722388083717,58.312281638580664,67.26657417147173,36.37921043400801,37.01550387596899,55.03875968992248,33.042635658914726,0.09689922480620156,0.2651780609473109
NVIDIA L4,coverage,8,1,gray_residual,segmented,8,11,0.0,43.895348837209305,56.104651162790695,1032.0,24.168907453540147,16.95717597504425,59.76435037978508,69.17371420001777,36.74223256270394,36.240310077519375,54.45736434108527,31.782945736434108,0.09689922480620156,0.26825505780538034
NVIDIA L4,coverage,32,0,direct_clamped,global,11,11,0.0,0.0,100.0,1008.0,35.24440683605034,20.93140954857689,88.79480332111072,120.655978108491,77.88467256924913,22.123015873015873,47.61904761904761,57.04365079365079,0.0992063492063492,0.3761557485843592
NVIDIA L4,coverage,32,0,direct_clamped,segmented,11,11,100.0,0.0,0.0,1008.0,26.00343541225283,17.66919307786028,65.33273682245628,86.10087538892371,52.56462723678934,30.357142857142854,54.46428571428571,50.297619047619044,0.0992063492063492,0.29547261009885095
NVIDIA L4,coverage,32,0,gray_residual,global,11,11,0.0,0.0,100.0,1008.0,20.118279321616285,15.94079837757608,44.07243593110537,51.896482926825,29.120828166474595,31.150793650793652,60.416666666666664,51.587301587301596,0.0992063492063492,0.23464012016897118
NVIDIA L4,coverage,32,0,gray_residual,segmented,11,11,100.0,0.0,0.0,1008.0,16.152784824654855,15.436531007358493,29.577602465061908,33.38963815442471,20.669375595942867,30.753968253968257,66.76587301587301,49.702380952380956,0.0,0.18956370227457958
NVIDIA L4,coverage,32,1,direct_clamped,global,11,11,0.0,0.0,100.0,1008.0,35.0665802362675,21.47122924327256,86.71085657344521,118.40502244662777,77.92695036881362,20.833333333333336,46.82539682539682,58.432539682539684,0.0992063492063492,0.37464662115767633
NVIDIA L4,coverage,32,1,direct_clamped,segmented,11,11,100.0,0.0,0.0,1008.0,25.915758081886192,18.91405185731437,60.997505401925366,86.14899391028776,50.41677636509748,29.464285714285715,51.88492063492064,56.34920634920635,0.0,0.30383046517821877
NVIDIA L4,coverage,32,1,gray_residual,global,11,11,0.0,0.0,100.0,1008.0,20.016253112384767,16.184422891675144,42.856291630794075,50.622568395211196,29.203286620479474,30.753968253968257,60.71428571428571,52.976190476190474,0.0992063492063492,0.23438365953417808
NVIDIA L4,coverage,32,1,gray_residual,segmented,11,11,100.0,0.0,0.0,1008.0,16.202467706105026,14.876954048437685,31.00516244013993,36.55994495325073,21.52107173865664,31.845238095238095,67.26190476190477,48.51190476190476,0.0992063492063492,0.18959723800220818
